username,password,email
prarthana7925,Password1795,prarthana7925@example.com
emily8552,Password3505,emily8552@example.com
neha9266,Password2465,neha9266@example.com
david8960,Password4225,david8960@example.com
frank3034,Password2952,frank3034@example.com
charlie6182,Password8439,charlie6182@example.com
john8874,Password9968,john8874@example.com
john1845,Password3862,john1845@example.com
john4004,Password9100,john4004@example.com
neha6353,Password8905,neha6353@example.com
john3536,Password8686,john3536@example.com
emily3758,Password6247,emily3758@example.com
bob4286,Password7924,bob4286@example.com
john1056,Password7599,john1056@example.com
neha7041,Password3912,neha7041@example.com
john7371,Password7909,john7371@example.com
bob1470,Password7726,bob1470@example.com
neha2106,Password2010,neha2106@example.com
bob2906,Password9662,bob2906@example.com
alice5702,Password4138,alice5702@example.com
neha1443,Password2729,neha1443@example.com
neha6794,Password9782,neha6794@example.com
john8934,Password5880,john8934@example.com
grace7058,Password4446,grace7058@example.com
frank7401,Password8159,frank7401@example.com
grace9399,Password2210,grace9399@example.com
emily7839,Password5394,emily7839@example.com
grace9313,Password1332,grace9313@example.com
neha5843,Password9359,neha5843@example.com
alice4397,Password9202,alice4397@example.com
emily4459,Password9369,emily4459@example.com
frank4801,Password5437,frank4801@example.com
frank9019,Password6451,frank9019@example.com
charlie6209,Password6183,charlie6209@example.com
alice8416,Password6480,alice8416@example.com
prarthana5143,Password4534,prarthana5143@example.com
grace4348,Password5770,grace4348@example.com
john8233,Password8387,john8233@example.com
emily5017,Password4787,emily5017@example.com
frank3505,Password2615,frank3505@example.com
bob7171,Password3099,bob7171@example.com
bob8391,Password2712,bob8391@example.com
bob5289,Password1761,bob5289@example.com
emily4841,Password7700,emily4841@example.com
charlie4104,Password1489,charlie4104@example.com
david7162,Password1689,david7162@example.com
david7108,Password6494,david7108@example.com
neha1698,Password2975,neha1698@example.com
prarthana5399,Password2274,prarthana5399@example.com
charlie6150,Password9523,charlie6150@example.com
grace3279,Password7559,grace3279@example.com
alice2777,Password7787,alice2777@example.com
grace9198,Password4536,grace9198@example.com
alice1053,Password9502,alice1053@example.com
bob5312,Password4852,bob5312@example.com
neha4912,Password2357,neha4912@example.com
frank9619,Password7670,frank9619@example.com
david9980,Password7179,david9980@example.com
david1886,Password5945,david1886@example.com
grace4994,Password8861,grace4994@example.com
emily1564,Password8980,emily1564@example.com
frank8668,Password4920,frank8668@example.com
alice7086,Password4445,alice7086@example.com
bob9218,Password3168,bob9218@example.com
charlie7175,Password8338,charlie7175@example.com
john7426,Password9287,john7426@example.com
alice9454,Password9325,alice9454@example.com
frank3508,Password7197,frank3508@example.com
david3741,Password9386,david3741@example.com
bob9812,Password9188,bob9812@example.com
emily8815,Password9171,emily8815@example.com
david3108,Password5254,david3108@example.com
john2265,Password6208,john2265@example.com
prarthana3317,Password3172,prarthana3317@example.com
john5265,Password6955,john5265@example.com
neha5990,Password9440,neha5990@example.com
alice5450,Password2871,alice5450@example.com
john2382,Password5346,john2382@example.com
frank1446,Password8505,frank1446@example.com
david8050,Password2329,david8050@example.com
grace8964,Password1223,grace8964@example.com
david4937,Password9898,david4937@example.com
david2235,Password4767,david2235@example.com
frank2963,Password9249,frank2963@example.com
emily2249,Password5920,emily2249@example.com
frank4887,Password4113,frank4887@example.com
charlie4943,Password3213,charlie4943@example.com
neha5320,Password8633,neha5320@example.com
john3766,Password7739,john3766@example.com
john7522,Password5269,john7522@example.com
john6503,Password6441,john6503@example.com
emily1714,Password9128,emily1714@example.com
frank4796,Password5316,frank4796@example.com
david1129,Password8067,david1129@example.com
neha6234,Password9696,neha6234@example.com
alice6421,Password1841,alice6421@example.com
grace3927,Password1101,grace3927@example.com
prarthana7422,Password8082,prarthana7422@example.com
charlie6154,Password2378,charlie6154@example.com
grace8202,Password4193,grace8202@example.com
frank9917,Password6782,frank9917@example.com
bob1754,Password6820,bob1754@example.com
neha1330,Password1799,neha1330@example.com
david9046,Password1493,david9046@example.com
emily8277,Password2430,emily8277@example.com
frank8186,Password7116,frank8186@example.com
emily9252,Password7363,emily9252@example.com
prarthana8396,Password8989,prarthana8396@example.com
prarthana1533,Password5331,prarthana1533@example.com
frank9869,Password6538,frank9869@example.com
david3312,Password3864,david3312@example.com
prarthana2993,Password7548,prarthana2993@example.com
charlie8466,Password2898,charlie8466@example.com
neha4187,Password3496,neha4187@example.com
emily2121,Password7906,emily2121@example.com
emily2123,Password6540,emily2123@example.com
frank1691,Password1606,frank1691@example.com
grace5702,Password1666,grace5702@example.com
alice9024,Password8657,alice9024@example.com
emily1811,Password1234,emily1811@example.com
bob5384,Password2627,bob5384@example.com
john9701,Password3749,john9701@example.com
emily5986,Password6309,emily5986@example.com
david3714,Password1129,david3714@example.com
charlie9102,Password9044,charlie9102@example.com
frank5872,Password8019,frank5872@example.com
david7226,Password9652,david7226@example.com
prarthana9422,Password8940,prarthana9422@example.com
grace3156,Password5668,grace3156@example.com
bob1830,Password2318,bob1830@example.com
frank1672,Password5547,frank1672@example.com
grace1767,Password9650,grace1767@example.com
john3666,Password9212,john3666@example.com
charlie2378,Password7250,charlie2378@example.com
alice4630,Password5726,alice4630@example.com
grace1969,Password3574,grace1969@example.com
frank5791,Password6327,frank5791@example.com
grace4173,Password3491,grace4173@example.com
alice7794,Password2361,alice7794@example.com
emily3339,Password6900,emily3339@example.com
bob2128,Password5984,bob2128@example.com
prarthana6615,Password4937,prarthana6615@example.com
alice3783,Password8204,alice3783@example.com
frank4529,Password6279,frank4529@example.com
bob5018,Password9950,bob5018@example.com
charlie7795,Password7776,charlie7795@example.com
bob7697,Password9096,bob7697@example.com
frank1801,Password4511,frank1801@example.com
prarthana6551,Password2404,prarthana6551@example.com
david1214,Password1804,david1214@example.com
Prarthana_Karanth,prart@2003
